<?xml version="1.0" encoding="UTF-8"?><?xml-stylesheet type='text/xsl' href='_UpgradeReport_Files/UpgradeReport.xslt'?><UpgradeLog>
<Properties><Property Name="Solution" Value="WTcpSrv">
</Property><Property Name="Solution File" Value="C:\Users\in-bl-snarayanan\Desktop\others\WTcpSrv\WTcpSrv\WTcpSrv.sln">
</Property><Property Name="Date" Value="20 February 2016">
</Property><Property Name="Time" Value="17:13">
</Property></Properties><Event ErrorLevel="0" Project="" Source="WTcpSrv.sln" Description="File successfully backed up as C:\Users\in-bl-snarayanan\Desktop\others\WTcpSrv\WTcpSrv\Backup\WTcpSrv.sln">
</Event><Event ErrorLevel="0" Project="WTcpSrv" Source="WTcpSrv.csproj" Description="Project file successfully backed up as C:\Users\in-bl-snarayanan\Desktop\others\WTcpSrv\WTcpSrv\Backup\WTcpSrv.csproj">
</Event><Event ErrorLevel="0" Project="WTcpSrv" Source="WTcpSrv.csproj.user" Description="Project user file successfully backed up as C:\Users\in-bl-snarayanan\Desktop\others\WTcpSrv\WTcpSrv\Backup\WTcpSrv.csproj.user">
</Event><Event ErrorLevel="0" Project="WTcpSrv" Source="AssemblyInfo.cs" Description="File successfully backed up as C:\Users\in-bl-snarayanan\Desktop\others\WTcpSrv\WTcpSrv\Backup\AssemblyInfo.cs">
</Event><Event ErrorLevel="0" Project="WTcpSrv" Source="Form1.cs" Description="File successfully backed up as C:\Users\in-bl-snarayanan\Desktop\others\WTcpSrv\WTcpSrv\Backup\Form1.cs">
</Event><Event ErrorLevel="0" Project="WTcpSrv" Source="licenses.licx" Description="File successfully backed up as C:\Users\in-bl-snarayanan\Desktop\others\WTcpSrv\WTcpSrv\Backup\licenses.licx">
</Event><Event ErrorLevel="0" Project="WTcpSrv" Source="Form1.resx" Description="File successfully backed up as C:\Users\in-bl-snarayanan\Desktop\others\WTcpSrv\WTcpSrv\Backup\Form1.resx">
</Event><Event ErrorLevel="0" Project="WTcpSrv" Source="WTcpSrv.csproj" Description="Project converted successfully">
</Event><Event ErrorLevel="3" Project="WTcpSrv" Source="WTcpSrv.csproj" Description="Converted">
</Event><Event ErrorLevel="1" Project="WTcpClient" Source="..\WTcpClient\WTcpClient.csproj" Description="Warning: The project file is being backed up to a relative path that differs from the original solution relative path.  The difference in folder hierarchy may create problems in opening or building the backed up solution and project.">
</Event><Event ErrorLevel="0" Project="WTcpClient" Source="..\WTcpClient\WTcpClient.csproj" Description="Project file successfully backed up as C:\Users\in-bl-snarayanan\Desktop\others\WTcpSrv\WTcpSrv\Backup\WTcpClient\WTcpClient.csproj">
</Event><Event ErrorLevel="0" Project="WTcpClient" Source="..\WTcpClient\WTcpClient.csproj.user" Description="Project user file successfully backed up as C:\Users\in-bl-snarayanan\Desktop\others\WTcpSrv\WTcpSrv\Backup\WTcpClient\WTcpClient.csproj.user">
</Event><Event ErrorLevel="0" Project="WTcpClient" Source="..\WTcpClient\AssemblyInfo2.cs" Description="File successfully backed up as C:\Users\in-bl-snarayanan\Desktop\others\WTcpSrv\WTcpSrv\Backup\WTcpClient\AssemblyInfo2.cs">
</Event><Event ErrorLevel="0" Project="WTcpClient" Source="..\WTcpClient\ConnectDlg.cs" Description="File successfully backed up as C:\Users\in-bl-snarayanan\Desktop\others\WTcpSrv\WTcpSrv\Backup\WTcpClient\ConnectDlg.cs">
</Event><Event ErrorLevel="0" Project="WTcpClient" Source="..\WTcpClient\Form2.cs" Description="File successfully backed up as C:\Users\in-bl-snarayanan\Desktop\others\WTcpSrv\WTcpSrv\Backup\WTcpClient\Form2.cs">
</Event><Event ErrorLevel="0" Project="WTcpClient" Source="..\WTcpClient\licenses.licx" Description="File successfully backed up as C:\Users\in-bl-snarayanan\Desktop\others\WTcpSrv\WTcpSrv\Backup\WTcpClient\licenses.licx">
</Event><Event ErrorLevel="0" Project="WTcpClient" Source="..\WTcpClient\ConnectDlg.resx" Description="File successfully backed up as C:\Users\in-bl-snarayanan\Desktop\others\WTcpSrv\WTcpSrv\Backup\WTcpClient\ConnectDlg.resx">
</Event><Event ErrorLevel="0" Project="WTcpClient" Source="..\WTcpClient\Form2.resx" Description="File successfully backed up as C:\Users\in-bl-snarayanan\Desktop\others\WTcpSrv\WTcpSrv\Backup\WTcpClient\Form2.resx">
</Event><Event ErrorLevel="0" Project="WTcpClient" Source="..\WTcpClient\WTcpClient.csproj" Description="Project converted successfully">
</Event><Event ErrorLevel="3" Project="WTcpClient" Source="..\WTcpClient\WTcpClient.csproj" Description="Converted">
</Event><Event ErrorLevel="0" Project="" Source="WTcpSrv.sln" Description="Solution converted successfully">
</Event><Event ErrorLevel="3" Project="" Source="WTcpSrv.sln" Description="Converted">
</Event><Event ErrorLevel="0" Project="WTcpSrv" Source="WTcpSrv.csproj" Description="Scan complete: Upgrade not required for project files.">
</Event><Event ErrorLevel="0" Project="WTcpClient" Source="..\WTcpClient\WTcpClient.csproj" Description="Scan complete: Upgrade not required for project files.">
</Event></UpgradeLog>